file_name,url,path,folder_path,main_path,publish_time,time
私募基金登记备案动态,https://www.amac.org.cn/xwfb/tzgg/202509/t20250930_26963.html,f:/SDXH_Work_Proj/auto_detect_download/downloads\www.amac.org.cn\20250930\关于发布《私募基金登记备案动态 （第三期）》的通知\detail.html,f:/SDXH_Work_Proj/auto_detect_download/downloads\www.amac.org.cn\20250930\关于发布《私募基金登记备案动态 （第三期）》的通知,f:/SDXH_Work_Proj/auto_detect_download/downloads\www.amac.org.cn\20250930\关于发布《私募基金登记备案动态 （第三期）》的通知\detail.html,2025-09-30T00:00:00,2026-02-09T17:11:50.644159
私募基金登记备案动态,https://www.amac.org.cn/xwfb/tzgg/202509/t20250930_26964.html,f:/SDXH_Work_Proj/auto_detect_download/downloads\www.amac.org.cn\20250930\关于发布《私募基金登记备案动态 （第四期）》的通知\detail.html,f:/SDXH_Work_Proj/auto_detect_download/downloads\www.amac.org.cn\20250930\关于发布《私募基金登记备案动态 （第四期）》的通知,f:/SDXH_Work_Proj/auto_detect_download/downloads\www.amac.org.cn\20250930\关于发布《私募基金登记备案动态 （第四期）》的通知\detail.html,2025-09-30T00:00:00,2026-02-09T17:11:51.986701
证券公司风险控制指标管理办法,https://www.csrc.gov.cn/csrc/c101981/c7441193/content.shtml,f:/SDXH_Work_Proj/auto_detect_download/downloads\www.csrc.gov.cn\20231103\政府网站年度报表\detail.html,f:/SDXH_Work_Proj/auto_detect_download/downloads\www.csrc.gov.cn\20231103\政府网站年度报表,f:/SDXH_Work_Proj/auto_detect_download/downloads\www.csrc.gov.cn\20231103\政府网站年度报表\detail.html,2023-11-03T00:00:00,2026-02-09T17:11:55.638851
证券公司风险控制指标管理办法,https://www.csrc.gov.cn/csrc/c100028/c7441191/content.shtml,f:/SDXH_Work_Proj/auto_detect_download/downloads\www.csrc.gov.cn\20231103\政府网站年度报表\detail_1.html,f:/SDXH_Work_Proj/auto_detect_download/downloads\www.csrc.gov.cn\20231103\政府网站年度报表,f:/SDXH_Work_Proj/auto_detect_download/downloads\www.csrc.gov.cn\20231103\政府网站年度报表\detail_1.html,2023-11-03T00:00:00,2026-02-09T17:12:02.023188
证券公司风险控制指标管理办法,https://www.csrc.gov.cn/csrc/c101800/c1920543/content.shtml,f:/SDXH_Work_Proj/auto_detect_download/downloads\www.csrc.gov.cn\20220218\政府网站年度报表\detail.html,f:/SDXH_Work_Proj/auto_detect_download/downloads\www.csrc.gov.cn\20220218\政府网站年度报表,f:/SDXH_Work_Proj/auto_detect_download/downloads\www.csrc.gov.cn\20220218\政府网站年度报表\detail.html,2022-02-18T00:00:00,2026-02-09T17:12:15.674853
证券公司风险控制指标管理办法,https://www.csrc.gov.cn/csrc/c106256/c1653957/content.shtml,f:/SDXH_Work_Proj/auto_detect_download/downloads\www.csrc.gov.cn\20211216\证券公司风险控制指标管理办法_中国证券监督管理委员会\detail.html,f:/SDXH_Work_Proj/auto_detect_download/downloads\www.csrc.gov.cn\20211216\证券公司风险控制指标管理办法_中国证券监督管理委员会,f:/SDXH_Work_Proj/auto_detect_download/downloads\www.csrc.gov.cn\20211216\证券公司风险控制指标管理办法_中国证券监督管理委员会\detail.html,2021-12-16T00:00:00,2026-02-09T17:12:16.925604
证券公司风险控制指标管理办法,https://www.csrc.gov.cn/csrc/c106065/c1569069/content.shtml,f:/SDXH_Work_Proj/auto_detect_download/downloads\www.csrc.gov.cn\20211119\政府网站年度报表\detail.html,f:/SDXH_Work_Proj/auto_detect_download/downloads\www.csrc.gov.cn\20211119\政府网站年度报表,f:/SDXH_Work_Proj/auto_detect_download/downloads\www.csrc.gov.cn\20211119\政府网站年度报表\detail.html,2021-11-19T00:00:00,2026-02-09T17:12:18.424616
证券公司风险控制指标管理办法,https://www.csrc.gov.cn/csrc/c106065/c1569071/content.shtml,f:/SDXH_Work_Proj/auto_detect_download/downloads\www.csrc.gov.cn\20211119\政府网站年度报表\detail_1.html,f:/SDXH_Work_Proj/auto_detect_download/downloads\www.csrc.gov.cn\20211119\政府网站年度报表,f:/SDXH_Work_Proj/auto_detect_download/downloads\www.csrc.gov.cn\20211119\政府网站年度报表\detail_1.html,2021-11-19T00:00:00,2026-02-09T17:12:19.907814
证券公司风险控制指标管理办法,https://www.csrc.gov.cn/csrc/c106065/c1569073/content.shtml,f:/SDXH_Work_Proj/auto_detect_download/downloads\www.csrc.gov.cn\20211119\政府网站年度报表\detail_2.html,f:/SDXH_Work_Proj/auto_detect_download/downloads\www.csrc.gov.cn\20211119\政府网站年度报表,f:/SDXH_Work_Proj/auto_detect_download/downloads\www.csrc.gov.cn\20211119\政府网站年度报表\detail_2.html,2021-11-19T00:00:00,2026-02-09T17:12:26.357105
证券公司压力测试指引,https://www.sac.net.cn/flfg/zlgz/202307/t20230724_60880.html,f:/SDXH_Work_Proj/auto_detect_download/downloads\www.sac.net.cn\20230724\证券公司压力测试指引（2023年修订）-中国证券协会\detail.html,f:/SDXH_Work_Proj/auto_detect_download/downloads\www.sac.net.cn\20230724\证券公司压力测试指引（2023年修订）-中国证券协会,f:/SDXH_Work_Proj/auto_detect_download/downloads\www.sac.net.cn\20230724\证券公司压力测试指引（2023年修订）-中国证券协会\detail.html,2023-07-24T00:00:00,2026-02-09T17:12:39.288210
证券公司压力测试指引,https://www.sac.net.cn/ljxh/xhgzdt/202307/t20230721_60864.html,f:/SDXH_Work_Proj/auto_detect_download/downloads\www.sac.net.cn\20230721\中国证券业协会发布 《证券公司压力测试指引（2023年修订）》-中国证券协会\detail.html,f:/SDXH_Work_Proj/auto_detect_download/downloads\www.sac.net.cn\20230721\中国证券业协会发布 《证券公司压力测试指引（2023年修订）》-中国证券协会,f:/SDXH_Work_Proj/auto_detect_download/downloads\www.sac.net.cn\20230721\中国证券业协会发布 《证券公司压力测试指引（2023年修订）》-中国证券协会\detail.html,2023-07-21T00:00:00,2026-02-09T17:12:39.798165
证券公司压力测试指引,https://www.sac.net.cn/tzgg/202307/t20230721_60858.html,f:/SDXH_Work_Proj/auto_detect_download/downloads\www.sac.net.cn\20230721\关于发布《证券公司压力测试指引（2023年修订）》的通知-中国证券协会\detail.html,f:/SDXH_Work_Proj/auto_detect_download/downloads\www.sac.net.cn\20230721\关于发布《证券公司压力测试指引（2023年修订）》的通知-中国证券协会,f:/SDXH_Work_Proj/auto_detect_download/downloads\www.sac.net.cn\20230721\关于发布《证券公司压力测试指引（2023年修订）》的通知-中国证券协会\detail.html,2023-07-21T00:00:00,2026-02-09T17:12:40.755708
私募投资基金监督管理条例,https://www.gov.cn/gongbao/2023/issue_10586/202307/content_6892998.html,f:/SDXH_Work_Proj/auto_detect_download/downloads\www.gov.cn\20230720\中华人民共和国国务院令（第762号）　　私募投资基金监督管理条例__2023年第20号国务院公报_中国政府网\detail.html,f:/SDXH_Work_Proj/auto_detect_download/downloads\www.gov.cn\20230720\中华人民共和国国务院令（第762号）　　私募投资基金监督管理条例__2023年第20号国务院公报_中国政府网,f:/SDXH_Work_Proj/auto_detect_download/downloads\www.gov.cn\20230720\中华人民共和国国务院令（第762号）　　私募投资基金监督管理条例__2023年第20号国务院公报_中国政府网\detail.html,2023-07-20T00:00:00,2026-02-09T17:12:45.921954
私募投资基金监督管理条例,https://www.gov.cn/zhengce/202307/content_6890795.htm,f:/SDXH_Work_Proj/auto_detect_download/downloads\www.gov.cn\20230709\司法部、证监会负责人就 《私募投资基金监督管理条例》答记者问\detail.html,f:/SDXH_Work_Proj/auto_detect_download/downloads\www.gov.cn\20230709\司法部、证监会负责人就 《私募投资基金监督管理条例》答记者问,f:/SDXH_Work_Proj/auto_detect_download/downloads\www.gov.cn\20230709\司法部、证监会负责人就 《私募投资基金监督管理条例》答记者问\detail.html,2023-07-09T00:00:00,2026-02-09T17:12:47.430091
私募投资基金监督管理条例,https://www.gov.cn/yaowen/liebiao/202307/content_6890769.htm,f:/SDXH_Work_Proj/auto_detect_download/downloads\www.gov.cn\20230709\李强签署国务院令 公布《私募投资基金监督管理条例》\detail.html,f:/SDXH_Work_Proj/auto_detect_download/downloads\www.gov.cn\20230709\李强签署国务院令 公布《私募投资基金监督管理条例》,f:/SDXH_Work_Proj/auto_detect_download/downloads\www.gov.cn\20230709\李强签署国务院令 公布《私募投资基金监督管理条例》\detail.html,2023-07-09T00:00:00,2026-02-09T17:12:48.904683
私募投资基金监督管理条例,https://www.gov.cn/zhengce/content/202307/content_6890738.htm,f:/SDXH_Work_Proj/auto_detect_download/downloads\www.gov.cn\20230709\私募投资基金监督管理条例_证券_中国政府网\detail.html,f:/SDXH_Work_Proj/auto_detect_download/downloads\www.gov.cn\20230709\私募投资基金监督管理条例_证券_中国政府网,f:/SDXH_Work_Proj/auto_detect_download/downloads\www.gov.cn\20230709\私募投资基金监督管理条例_证券_中国政府网\detail.html,2023-07-09T00:00:00,2026-02-09T17:12:50.347111
基金经营机构及其工作人员廉洁从业实施细则,https://www.amac.org.cn/xwfb/xhyw/202504/t20250411_26577.html,f:/SDXH_Work_Proj/auto_detect_download/downloads\www.amac.org.cn\20250411\关于发布修订后的《基金经营机构及其工作人员廉洁从业实施细则》的公告\detail.html,f:/SDXH_Work_Proj/auto_detect_download/downloads\www.amac.org.cn\20250411\关于发布修订后的《基金经营机构及其工作人员廉洁从业实施细则》的公告,f:/SDXH_Work_Proj/auto_detect_download/downloads\www.amac.org.cn\20250411\关于发布修订后的《基金经营机构及其工作人员廉洁从业实施细则》的公告\detail.html,2025-04-11T00:00:00,2026-02-09T17:12:54.300672
基金经营机构及其工作人员廉洁从业实施细则,https://www.amac.org.cn/xwfb/tzgg/202504/t20250421_26601.html,f:/SDXH_Work_Proj/auto_detect_download/downloads\www.amac.org.cn\20250421\关于举办《基金经营机构及其工作人员廉洁从业实施细则》解读直播培训的通知\detail.html,f:/SDXH_Work_Proj/auto_detect_download/downloads\www.amac.org.cn\20250421\关于举办《基金经营机构及其工作人员廉洁从业实施细则》解读直播培训的通知,f:/SDXH_Work_Proj/auto_detect_download/downloads\www.amac.org.cn\20250421\关于举办《基金经营机构及其工作人员廉洁从业实施细则》解读直播培训的通知\detail.html,2025-04-21T00:00:00,2026-02-09T17:12:55.823050
基金经营机构及其工作人员廉洁从业实施细则,https://www.amac.org.cn/fwdt/wyb/rygl/hxpx/hxpxfwzn/hdrl/202504/t20250421_26603.html,f:/SDXH_Work_Proj/auto_detect_download/downloads\www.amac.org.cn\20250421\【培训时间】《基金经营机构及其工作人员廉洁 从业实施细则》解读直播培训\detail.html,f:/SDXH_Work_Proj/auto_detect_download/downloads\www.amac.org.cn\20250421\【培训时间】《基金经营机构及其工作人员廉洁 从业实施细则》解读直播培训,f:/SDXH_Work_Proj/auto_detect_download/downloads\www.amac.org.cn\20250421\【培训时间】《基金经营机构及其工作人员廉洁 从业实施细则》解读直播培训\detail.html,2025-04-21T00:00:00,2026-02-09T17:12:57.234823
基金经营机构及其工作人员廉洁从业实施细则,https://www.amac.org.cn/fwdt/wyb/rygl/hxpx/hxpxfwzn/hdrl/202504/t20250421_26602.html,f:/SDXH_Work_Proj/auto_detect_download/downloads\www.amac.org.cn\20250421\【报名时间】《基金经营机构及其工作人员廉洁 从业实施细则》解读直播培训\detail.html,f:/SDXH_Work_Proj/auto_detect_download/downloads\www.amac.org.cn\20250421\【报名时间】《基金经营机构及其工作人员廉洁 从业实施细则》解读直播培训,f:/SDXH_Work_Proj/auto_detect_download/downloads\www.amac.org.cn\20250421\【报名时间】《基金经营机构及其工作人员廉洁 从业实施细则》解读直播培训\detail.html,2025-04-21T00:00:00,2026-02-09T17:12:58.689611
